[{
    "id": 0,
    "img": "assets/images/users/raydolan.png",
    "firstName": "Ray",
    "lastName": "Dolan",
    "designation": "Manager",
    "gender": "male",
    "phone": "+1 (811) 538-3408",
    "email": "example@test.com",
    "status": "Active",
    "address": "98 Saint Lawrence Blvd"
  },
  {
    "id": 1,
    "img": "assets/images/users/user-3.png",
    "firstName": "Head",
    "lastName": "Newton",
    "designation": "Team Leader",
    "gender": "male",
    "phone": "+1 (847) 585-2042",
    "email": "example@test.com",
    "status": "Completed",
    "address": "316 Monitor Street"
  },
  {
    "id": 2,
    "img": "assets/images/users/user-8.png",
    "firstName": "John",
    "lastName": "Hole",
   "designation": "Clerk",
    "gender": "female",
    "phone": "+1 (995) 549-2754",
    "email": "example@test.com",
    "status": "Active",
    "address": "267 Pacific Street"
  },
  {
    "id": 3,
    "img": "assets/images/users/user-5.png",
    "firstName": "Holman",
    "lastName": "Mann",
    "designation": "Team Leader",
    "gender": "male",
    "phone": "+1 (975) 430-3063",
    "email": "example@test.com",
    "status": "Pending",
    "address": "268 Taaffe Place"
  },
  {
    "id": 4,
    "img": "assets/images/users/user-3.png",
    "firstName": "John",
    "lastName": "Vega",
    "designation": "Team Leader",
    "gender": "male",
    "phone": "+1 (841) 561-3826",
    "email": "example@test.com",
    "status": "Active",
    "address": "315 Dahl Court"
  },
  {
    "id": 5,
    "img": "assets/images/users/user-10.png",
    "firstName": "Cassie",
    "lastName": "Abbott",
   "designation": "Clerk",
    "gender": "female",
    "phone": "+1 (874) 592-2349",
    "email": "example@test.com",
    "status": "Completed",
    "address": "944 Clark Street"
  },
  {
    "id": 6,
    "img": "assets/images/users/user-9.png",
    "firstName": "Romero",
    "lastName": "Pierce",
    "designation": "Team Leader",
    "gender": "male",
    "phone": "+1 (954) 511-2933",
    "email": "example@test.com",
    "status": "Pending",
    "address": "898 Irving Place"
  },
  {
    "id": 7,
    "img": "assets/images/users/user-3.png",
    "firstName": "Juanita",
    "lastName": "Norris",
   "designation": "Manager",
    "gender": "female",
    "phone": "+1 (914) 512-2265",
    "email": "example@test.com",
    "status": "Active",
    "address": "474 Wakeman Place"
  },
  {
    "id": 8,
    "img": "assets/images/users/user-6.png",
    "firstName": "Duke",
    "lastName": "Sargent",
    "designation": "Team Leader",
    "gender": "male",
    "phone": "+1 (916) 556-3683",
    "email": "example@test.com",
    "status": "Completed",
    "address": "818 Bragg Street"
  },
  {
    "id": 9,
    "img": "assets/images/users/user-9.png",
    "firstName": "Selena",
    "lastName": "West",
   "designation": "Manager",
    "gender": "female",
    "phone": "+1 (878) 551-2618",
    "email": "example@test.com",
    "status": "Active",
    "address": "364 Greenwood"
  },
  {
    "id": 10,
    "img": "assets/images/users/user-3.png",
    "firstName": "Lane",
    "lastName": "Sims",
    "designation": "Team Leader",
    "gender": "male",
    "phone": "+1 (868) 545-2334",
    "email": "example@test.com",
    "status": "Pending",
    "address": "293 Cove Lane"
  },
  {
    "id": 11,
    "img": "assets/images/users/user-5.png",
    "firstName": "Ceri",
    "lastName": "Carr",
   "designation": "Clerk",
    "gender": "female",
    "phone": "+1 (921) 557-3444",
    "email": "example@test.com",
    "status": "Completed",
    "address": "119 Wallabout Street"
  },
  {
    "id": 12,
    "img": "assets/images/users/user-7.png",
    "firstName": "Tanner",
    "lastName": "Hoover",
    "designation": "Team Leader",
    "gender": "male",
    "phone": "+1 (825) 406-2792",
    "email": "example@test.com",
    "status": "Active",
    "address": "351 Ashland Place"
  },
  {
    "id": 13,
    "img": "assets/images/users/user-3.png",
    "firstName": "Mathis",
    "lastName": "Harrell",
    "designation": "Team Leader",
    "gender": "male",
    "phone": "+1 (856) 403-3786",
    "email": "example@test.com",
    "status": "Completed",
    "address": "950 Throop Avenue"
  },
  {
    "id": 14,
    "img": "assets/images/users/user-8.png",
    "firstName": "Julia",
    "lastName": "Warren",
   "designation": "Manager",
    "gender": "female",
    "phone": "+1 (934) 423-3321",
    "email": "example@test.com",
    "status": "Active",
    "address": "460 Boardwalk "
  },
  {
    "id": 15,
    "img": "assets/images/users/user-9.png",
    "firstName": "Jaclyn",
    "lastName": "Lawson",
   "designation": "Manager",
    "gender": "female",
    "phone": "+1 (987) 565-3431",
    "email": "example@test.com",
    "status": "Pending",
    "address": "676 Harbor Lane"
  },
  {
    "id": 16,
    "img": "assets/images/users/user-5.png",
    "firstName": "Paul",
    "lastName": "Chapman",
    "designation": "Team Leader",
    "gender": "male",
    "phone": "+1 (864) 523-3163",
    "email": "example@test.com",
    "status": "Completed",
    "address": "148 Nichols Avenue"
  },
  {
    "id": 17,
    "img": "assets/images/users/user-10.png",
    "firstName": "Aimee",
    "lastName": "Walters",
   "designation": "Manager",
    "gender": "female",
    "phone": "+1 (995) 419-3671",
    "email": "example@test.com",
    "status": "Pending",
    "address": "403 Coles Street"
  },
  {
    "id": 18,
    "img": "assets/images/users/user-5.png",
    "firstName": "Verna",
    "lastName": "Barlow",
   "designation": "Clerk",
    "gender": "female",
    "phone": "+1 (822) 553-3841",
    "email": "example@test.com",
    "status": "Pending",
    "address": "881 Montague Terrace"
  },
  {
    "id": 19,
    "img": "assets/images/users/user-9.png",
    "firstName": "Beck",
    "lastName": "Singleton",
    "designation": "Team Leader",
    "gender": "male",
    "phone": "+1 (895) 595-2333",
    "email": "example@test.com",
    "status": "Active",
    "address": "805 Hinsdale Street"
  },
  {
    "id": 20,
    "img": "assets/images/users/user-2.png",
    "firstName": "Baird",
    "lastName": "Stone",
    "designation": "Team Leader",
    "gender": "male",
    "phone": "+1 (864) 583-3148",
    "email": "example@test.com",
    "status": "Completed",
    "address": "228 Opal Court"
  },
  {
    "id": 21,
    "img": "assets/images/users/user-5.png",
    "firstName": "Helena",
    "lastName": "Best",
   "designation": "Manager",
    "gender": "female",
    "phone": "+1 (930) 552-2302",
    "email": "example@test.com",
    "status": "Pending",
    "address": "311 Dorchester Road"
  },
  {
    "id": 22,
    "img": "assets/images/users/user-5.png",
    "firstName": "Buck",
    "lastName": "Parrish",
    "designation": "Team Leader",
    "gender": "male",
    "phone": "+1 (994) 565-2706",
    "email": "example@test.com",
    "status": "Active",
    "address": "633 Emerson Place"
  },
  {
    "id": 23,
    "img": "assets/images/users/user-2.png",
    "firstName": "Albert",
    "lastName": "English",
    "designation": "Team Leader",
    "gender": "male",
    "phone": "+1 (824) 457-2870",
    "email": "example@test.com",
    "status": "Active",
    "address": "551 Clarendon Road"
  },
  {
    "id": 24,
    "img": "assets/images/users/user-6.png",
    "firstName": "Elinor",
    "lastName": "Waters",
   "designation": "Manager",
    "gender": "female",
    "phone": "+1 (894) 487-2463",
    "email": "example@test.com",
    "status": "Completed",
    "address": "660 Lefferts Place"
  },
  {
    "id": 25,
    "img": "assets/images/users/user-4.png",
    "firstName": "Sosa",
    "lastName": "Foster",
    "designation": "Team Leader",
    "gender": "male",
    "phone": "+1 (994) 565-2578",
    "email": "example@test.com",
    "status": "Pending",
    "address": "532 Nixon Court"
  },
  {
    "id": 26,
    "img": "assets/images/users/user-2.png",
    "firstName": "David",
    "lastName": "Perry",
    "designation": "Team Leader",
    "gender": "male",
    "phone": "+1 (977) 485-2959",
    "email": "example@test.com",
    "status": "Pending",
    "address": "545 Macdougal Street"
  },
  {
    "id": 27,
    "img": "assets/images/users/user-9.png",
    "firstName": "Pooja",
    "lastName": "Deleon",
   "designation": "Manager",
    "gender": "female",
    "phone": "+1 (860) 492-2617",
    "email": "example@test.com",
    "status": "Completed",
    "address": "512 Chestnut Avenue"
  },
  {
    "id": 28,
    "img": "assets/images/users/user-8.png",
    "firstName": "Fay",
    "lastName": "England",
   "designation": "Clerk",
    "gender": "female",
    "phone": "+1 (846) 595-3003",
    "email": "example@test.com",
    "status": "Active",
    "address": "227 Seeley Street"
  },
  {
    "id": 29,
    "img": "assets/images/users/user-4.png",
    "firstName": "Benita",
    "lastName": "Benson",
   "designation": "Manager",
    "gender": "female",
    "phone": "+1 (917) 413-3569",
    "email": "example@test.com",
    "status": "Active",
    "address": "577 Ryder Street"
  },
  {
    "id": 30,
    "img": "assets/images/users/user-2.png",
    "firstName": "Thelma",
    "lastName": "Hale",
   "designation": "Manager",
    "gender": "female",
    "phone": "+1 (950) 517-2905",
    "email": "example@test.com",
    "status": "Pending",
    "address": "630 Lott Street"
  },
  {
    "id": 31,
    "img": "assets/images/users/user-7.png",
    "firstName": "Larson",
    "lastName": "Graham",
    "designation": "Team Leader",
    "gender": "male",
    "phone": "+1 (902) 423-3030",
    "email": "example@test.com",
    "status": "Completed",
    "address": "825 Calyer Street"
  },
  {
    "id": 32,
    "img": "assets/images/users/user-5.png",
    "firstName": "Kenya",
    "lastName": "Nguyen",
   "designation": "Manager",
    "gender": "female",
    "phone": "+1 (913) 416-2312",
    "email": "example@test.com",
    "status": "Active",
    "address": "163 Stuart Street"
  },
  {
    "id": 33,
    "img": "assets/images/users/user-7.png",
    "firstName": "Priya",
    "lastName": "Parekh",
    "designation": "Team Leader",
    "gender": "male",
    "phone": "+1 (880) 468-2272",
    "email": "example@test.com",
    "status": "Pending",
    "address": "830 Kosciusko Street"
  },
  {
    "id": 34,
    "img": "assets/images/users/user-8.png",
    "firstName": "Garner",
    "lastName": "Wolf",
    "designation": "Team Leader",
    "gender": "male",
    "phone": "+1 (817) 482-2274",
    "email": "example@test.com",
    "status": "Pending",
    "address": "471 Holmes Lane"
  },
  {
    "id": 35,
    "img": "assets/images/users/user-2.png",
    "firstName": "Tammi",
    "lastName": "joshi",
   "designation": "Clerk",
    "gender": "female",
    "phone": "+1 (805) 550-3654",
    "email": "example@test.com",
    "status": "Active",
    "address": "772 Stoddard Place"
  },
  {
    "id": 36,
    "img": "assets/images/users/user-4.png",
    "firstName": "Autumn",
    "lastName": "Phelps",
   "designation": "Manager",
    "gender": "female",
    "phone": "+1 (906) 580-2631",
    "email": "example@test.com",
    "status": "Completed",
    "address": "608 Lamont Court"
  },
  {
    "id": 37,
    "img": "assets/images/users/user-10.png",
    "firstName": "Iris",
    "lastName": "Brown",
   "designation": "Manager",
    "gender": "female",
    "phone": "+1 (800) 561-3799",
    "email": "example@test.com",
    "status": "Pending",
    "address": "538 Foster Avenue"
  },
  {
    "id": 38,
    "img": "assets/images/users/user-3.png",
    "firstName": "Hudson",
    "lastName": "Deo",
    "designation": "Team Leader",
    "gender": "male",
    "phone": "+1 (961) 430-2999",
    "email": "example@test.com",
    "status": "Completed",
    "address": "566 Llama Court"
  },
  {
    "id": "Active",
    "img": "assets/images/users/user-9.png",
    "firstName": "Hood",
    "lastName": "Morse",
    "designation": "Team Leader",
    "gender": "male",
    "phone": "+1 (848) 419-2983",
    "email": "example@test.com",
    "status": "Pending",
    "address": "489 Cobek Court"
  },
  {
    "id": 40,
    "img": "assets/images/users/user-5.png",
    "firstName": "Sue",
    "lastName": "Smith",
   "designation": "Manager",
    "gender": "female",
    "phone": "+1 (915) 551-3831",
    "email": "example@test.com",
    "status": "Completed",
    "address": "826 Alice Court"
  },
  {
    "id": 41,
    "img": "assets/images/users/user-10.png",
    "firstName": "Silvia",
    "lastName": "cena",
   "designation": "Clerk",
    "gender": "female",
    "phone": "+1 (880) 578-2923",
    "email": "example@test.com",
    "status": "Active",
    "address": "981 Village Road"
  },
  {
    "id": 42,
    "img": "assets/images/users/user-4.png",
    "firstName": "Raju",
    "lastName": "Sharma",
    "designation": "Team Leader",
    "gender": "male",
    "phone": "+1 (927) 479-3790",
    "email": "example@test.com",
    "status": "Pending",
    "address": "595 Livonia Avenue"
  },
  {
    "id": 43,
    "img": "assets/images/users/user-3.png",
    "firstName": "Jacobs",
    "lastName": "Terrell",
    "designation": "Team Leader",
    "gender": "male",
    "phone": "+1 (990) 491-3442",
    "email": "example@test.com",
    "status": "Active",
    "address": "734 Scott Avenue"
  },
  {
    "id": 44,
    "img": "assets/images/users/user-5.png",
    "firstName": "Howell",
    "lastName": "Lang",
    "designation": "Team Leader",
    "gender": "male",
    "phone": "+1 (815) 542-3206",
    "email": "example@test.com",
    "status": "Pending",
    "address": "986 Coleman Street"
  },
  {
    "id": 45,
    "img": "assets/images/users/user-7.png",
    "firstName": "Eve",
    "lastName": "Battle",
   "designation": "Manager",
    "gender": "female",
    "phone": "+1 (828) 442-3156",
    "email": "example@test.com",
    "status": "Completed",
    "address": "235 Dare Court"
  },
  {
    "id": 46,
    "img": "assets/images/users/user-7.png",
    "firstName": "Jeri",
    "lastName": "Moran",
   "designation": "Manager",
    "gender": "female",
    "phone": "+1 (884) 490-2332",
    "email": "example@test.com",
    "status": "Pending",
    "address": "42 Cyrus Avenue"
  }
]
